,val_acc_mean,val_acc_peak
angles,0.9916509807109832,0.9953806400299072
gradients,0.9911890387535095,0.9943541288375854
movement_vectors,0.9918562948703766,0.9934987425804138
positions,0.9931394398212433,0.9957228302955627
max_ang_diff,0.9950898170471192,0.9967493414878845
max_movement_vector_distance_normalised,0.993550044298172,0.9945252537727356
max_grad_diff,0.9955346405506134,0.9974337220191956
max_movement_vector_distance,0.9938408970832825,0.9962360858917236
